{"cameraMode":{"drawMode":0,"name":"Shaded","section":"Shading Mode"},"sceneLighting":true,"audioPlay":false,"sceneViewState":{"showFog":true,"showMaterialUpdate":false,"showSkybox":true,"showFlares":true,"showImageEffects":true,"showParticleSystems":true},"in2DMode":false,"pivot":{"x":3.222776412963867,"y":-5.013481140136719,"z":-0.2657184600830078},"rotation":{"x":-0.16482329368591309,"y":0.8314799070358276,"z":-0.3353148102760315,"w":-0.41181451082229617},"size":22.0,"orthographic":false}