{"cameraMode":{"drawMode":0,"name":"Shaded","section":"Shading Mode"},"sceneLighting":true,"audioPlay":false,"sceneViewState":{"showFog":true,"showMaterialUpdate":false,"showSkybox":true,"showFlares":true,"showImageEffects":true,"showParticleSystems":true},"in2DMode":false,"pivot":{"x":31.390674591064454,"y":14.065945625305176,"z":30.996427536010743},"rotation":{"x":0.13452546298503877,"y":-0.8277065753936768,"z":0.4965015947818756,"w":0.22427967190742494},"size":24.79204750061035,"orthographic":false}